kind,verb,count
regex_hit,disse,21
regex_hit,chiese,8
regex_hit,dice,7
regex_hit,domanda,5
regex_hit,parla,4
regex_hit,dissero,3
regex_hit,rispose,3
regex_hit,diceva,1
regex_hit,esclamò,1
regex_hit,risponde,1
nlp_hit,dire,10
nlp_hit,rispondere,5
missing_candidate,va:andare,117
missing_candidate,senare:senare,95
missing_candidate,dise:dise,74
missing_candidate,ghe:go,51
missing_candidate,dici:dici,45
missing_candidate,so:sapere,45
missing_candidate,sta:stare,36
missing_candidate,torna:tornare,34
missing_candidate,fa:fare,31
missing_candidate,ho:avere,30
missing_candidate,è:essere,25
missing_candidate,fece:fare,24
missing_candidate,giera:gierare,24
missing_candidate,vide:vedere,23
missing_candidate,visto:vedere,22
missing_candidate,vede:vedere,21
missing_candidate,hai:avere,19
missing_candidate,fare:fare,17
missing_candidate,sai:sai,17
missing_candidate,sto:stare,16
missing_candidate,avete:avere,14
missing_candidate,fatto:fare,14
missing_candidate,haju:ajuvere,14
missing_candidate,vuole:volere,14
missing_candidate,dise:didere,13
missing_candidate,dise:disa,13
missing_candidate,ha:avere,13
missing_candidate,nta:nta,13
missing_candidate,tornò:tornare,13
missing_candidate,dà:dare,12
missing_candidate,sugnu:sugnu,12
missing_candidate,volete:volere,12
missing_candidate,chiamate?</sp:chiamate?</sp,11
missing_candidate,comu:comure,11
missing_candidate,far:fare,11
missing_candidate,manda:mandare,11
missing_candidate,pensi:pensare,11
missing_candidate,venire:venire,11
missing_candidate,•:•,11
missing_candidate,andò:andare,10
missing_candidate,porti:portare,10
missing_candidate,schetta:schetta,10
missing_candidate,schiaffo:schiaffore,10
missing_candidate,vedar:vedare,10
missing_candidate,vuoi:volere,10
missing_candidate,Pinsati:pinsati,9
missing_candidate,andar:andare,9
missing_candidate,aprire:aprire,9
missing_candidate,fai:fare,9
missing_candidate,filare:filare,9
missing_candidate,penti:pentare,9
missing_candidate,vedere:vedere,9
missing_candidate,Passarono:passarono,8
missing_candidate,andare:andare,8
missing_candidate,aveva:avere,8
missing_candidate,chiamare:chiamare,8
missing_candidate,chistu:chistu,8
missing_candidate,comando:comare,8
missing_candidate,diede:dare,8
missing_candidate,fannu:fannu,8
missing_candidate,fazzu:fazzu,8
missing_candidate,filata:filare,8
missing_candidate,sapete:sapere,8
missing_candidate,sposare:sposare,8
missing_candidate,state?</sp:state?</sp,8
missing_candidate,strada?</sp:strada?</sp,8
missing_candidate,vegna:vegnare,8
missing_candidate,dar:dare,7
missing_candidate,faccio:fare,7
missing_candidate,fate:fare,7
missing_candidate,partire:partire,7
missing_candidate,pensato:pensare,7
missing_candidate,prendi:prendere,7
missing_candidate,sa:sapere,7
missing_candidate,spija:spijare,7
missing_candidate,tornare:tornare,7
missing_candidate,tornerai:tornerai,7
missing_candidate,vai:vai,7
missing_candidate,Sai:sai,6
missing_candidate,assimigghiatì:assimigghiatire,6
missing_candidate,bere:bere,6
missing_candidate,co:co,6
missing_candidate,cominciò:cominciare,6
missing_candidate,consuma:consumare,6
missing_candidate,conza</sp>-senare:conza</sp>-senare,6
missing_candidate,credere:credere,6
missing_candidate,dato:dare,6
missing_candidate,devo:devo,6
missing_candidate,dichiarò:dichiarare,6
missing_candidate,discursi:discure si,6
missing_candidate,dise:dettere,6
missing_candidate,diventerai:diventerai,6
missing_candidate,ebbe:avere,6
missing_candidate,figghiu:figghiu,6
missing_candidate,gaveva:gavere,6
missing_candidate,maritu:mariture,6
missing_candidate,pintuta:pintere,6
missing_candidate,porta:portare,6
missing_candidate,risposatevi:risposatevi,6
missing_candidate,sente:sentire,6
missing_candidate,signora?</sp>-:signora?</sp>-,6
missing_candidate,trova:trovare,6
missing_candidate,tuto:tere,6
missing_candidate,venne:venire,6
missing_candidate,>:>,5
missing_candidate,Dici:dici,5
missing_candidate,Setti:settire,5
missing_candidate,anca:ancare,5
missing_candidate,andar-:andar-,5
missing_candidate,andar</sp>-anca:andar</sp>-anca,5
missing_candidate,andata:andare,5
missing_candidate,aspetta?</sp:aspetta?</sp,5
missing_candidate,assimig-:assimig-,5
missing_candidate,assimigghia:assimigghiare,5
missing_candidate,assomigliarci:assomigliare ci,5
missing_candidate,assomigliate:assomigliare,5
missing_candidate,astu:astu,5
missing_candidate,bruto:bruto,5
missing_candidate,ciapa:ciapa,5
missing_candidate,comincia:cominciare,5
missing_candidate,conoscevo:conoscere,5
missing_candidate,da-:da-re,5
missing_candidate,digo:digere,5
missing_candidate,diseva:disere,5
missing_candidate,ecola:ecolare,5
missing_candidate,entrare:entrare,5
missing_candidate,faceva:fare,5
missing_candidate,fanno:fare,5
missing_candidate,figghia:figghiare,5
missing_candidate,fora:forare,5
missing_candidate,forsi:fore si,5
missing_candidate,friscu:friscu,5
missing_candidate,menato:menare,5
missing_candidate,mise:mettere,5
missing_candidate,morta:morire,5
missing_candidate,panada:panada,5
missing_candidate,passato:passare,5
missing_candidate,pensa?</sp:pensa?</sp,5
missing_candidate,pensò:pensare,5
missing_candidate,prego:pregare,5
missing_candidate,preparare:preparare,5
missing_candidate,puru:puru,5
missing_candidate,ragazza:ragazzare,5
missing_candidate,scendere:scendere,5
missing_candidate,teni:teno,5
missing_candidate,vado:vado,5
missing_candidate,vedrai:vedere,5
missing_candidate,vergogno:vergognare,5
missing_candidate,voglio:volere,5
missing_candidate,vossignoria:vossignoriare,5
missing_candidate,-mi:-mi,4
missing_candidate,Ballarono:ballarono,4
missing_candidate,Mè:mè,4
missing_candidate,Parturisci:parturisci,4
missing_candidate,Sta:stare,4
missing_candidate,accumenza:accumenza,4
missing_candidate,affacciava:affacciare,4
missing_candidate,andarono:andare,4
missing_candidate,andatela:andatelare,4
missing_candidate,andava:andare,4
missing_candidate,assomigliava:assomigliare,4
missing_candidate,ballare:ballare,4
missing_candidate,calarla:calare la,4
missing_candidate,chiamato:chiamare,4
missing_candidate,chiamò:chiamare,4
missing_candidate,chidda:chidda,4
missing_candidate,coglie:cogliere,4
missing_candidate,conduse:condudere,4
missing_candidate,corda:corda,4
missing_candidate,duggnu:duggnu,4
missing_candidate,era:essere,4
missing_candidate,fa:fa,4
missing_candidate,faccia:fare,4
missing_candidate,fastu:fasture,4
missing_candidate,ghiatì:ghiatire,4
missing_candidate,glielo:gli lo,4
missing_candidate,gnente:gnente,4
missing_candidate,importa:importare,4
missing_candidate,invitò:invitò,4
missing_candidate,lasciate:lasciare,4
missing_candidate,lu:lu,4
missing_candidate,orbà:orbàre,4
missing_candidate,pentita:pentire,4
missing_candidate,picciotta:picciotta,4
missing_candidate,prendeva:prendere,4
missing_candidate,prese:prendere,4
missing_candidate,preso:prendere,4
missing_candidate,ricordi:ricordare,4
missing_candidate,riuscirai.</sp:riuscirai.</sp,4
missing_candidate,sastu:sasture,4
missing_candidate,schettu:schettu,4
missing_candidate,sentì:sentì,4
missing_candidate,siti:sire,4
missing_candidate,stada:stada,4
missing_candidate,stare:stare,4
missing_candidate,studiare:studiare,4
missing_candidate,suttu:suttu,4
missing_candidate,tornarono:tornare,4
missing_candidate,trabbuccu:trabbuccu,4
missing_candidate,tute:tute,4
missing_candidate,tuti:tuto,4
missing_candidate,vestia:vestia,4
missing_candidate,vogio:vogiare,4
missing_candidate,voli:volare,4
missing_candidate,vui:vui,4
missing_candidate,vulia:vuliare,4
missing_candidate,vuliti:vulitare,4
missing_candidate,’:’,4
missing_candidate,Basta:bastare,3
missing_candidate,Catarina:catarinare,3
missing_candidate,Chiamò:chiamò,3
missing_candidate,Junci:junci,3
missing_candidate,Pa-:pa-,3
missing_candidate,Penso:pensare,3
missing_candidate,Ricordite:ricordite,3
missing_candidate,Sa</sp>-:sa</sp>-,3
missing_candidate,Sposiamoli.</sp:sposiamoli.</sp,3
missing_candidate,a</sp>-:a</sp>-,3
missing_candidate,andar:andar,3
missing_candidate,andaremo:andare,3
missing_candidate,angustiate:angustiare,3
missing_candidate,arrispunni:arrispunnare,3
missing_candidate,arrivate:arrivare,3
missing_candidate,arrivato:arrivare,3
missing_candidate,arrivò:arrivare,3
missing_candidate,avemo:aeve,3
missing_candidate,averne:avere ne,3
missing_candidate,ballarono:ballarono,3
missing_candidate,batarà:batara,3
missing_candidate,bedda:beddare,3
missing_candidate,bevuto:bere,3
missing_candidate,brontoli:brontolare,3
missing_candidate,buta:butare,3
missing_candidate,cadi:cadire,3
missing_candidate,calu:calu,3
missing_candidate,capisse:capire,3
missing_candidate,cavai:cavai,3
missing_candidate,chiusa:chiudere,3
missing_candidate,cominciava:cominciare,3
missing_candidate,comparve:comparvire,3
missing_candidate,conosco:conoscere,3
missing_candidate,conversando:conversare,3
missing_candidate,corse:corse,3
missing_candidate,corse:corso,3
missing_candidate,cunverti:cunvertare,3
missing_candidate,dar-:dar-,3
missing_candidate,dare:dare,3
missing_candidate,dasti:dastare,3
missing_candidate,devo:dovere,3
missing_candidate,dighi:digare,3
missing_candidate,dimanda:dimanda,3
missing_candidate,dimanda:dimandare,3
missing_candidate,dirmi:dire mi,3
missing_candidate,facesse:facesso,3
missing_candidate,fassesse:fassere,3
missing_candidate,fermà:fermà,3
missing_candidate,figghia:figghia,3
missing_candidate,filò:filò,3
missing_candidate,gavemo:gaeve,3
missing_candidate,giera</sp>-:giera</sp>-,3
missing_candidate,grapiticii:grapiticii,3
missing_candidate,gravita:gravito,3
missing_candidate,hè:hè,3
missing_candidate,incapricciato:incapricciare,3
missing_candidate,lasciare:lasciare,3
missing_candidate,lasciarono:lasciare,3
missing_candidate,mandare:mandare,3
missing_candidate,mando:mare,3
missing_candidate,mandò:mandare,3
missing_candidate,manu:manure,3
missing_candidate,mete:mete,3
missing_candidate,metterò:metterare,3
missing_candidate,misi:midere,3
missing_candidate,nualtri:nualtro,3
missing_candidate,orba:orbare,3
missing_candidate,orbà:orbà,3
missing_candidate,passannu:passannu,3
missing_candidate,penso:pensare,3
missing_candidate,piaceva:piacere,3
missing_candidate,piaci:piaco,3
missing_candidate,pigghiava:pigghiare,3
missing_candidate,podesto:poderre,3
missing_candidate,podeva:podere,3
missing_candidate,posso:potere,3
missing_candidate,prepara:preparare,3
missing_candidate,riceverlo:ricevere lo,3
missing_candidate,richiuso:richiuso,3
missing_candidate,rimasero:rimasero,3
missing_candidate,ripiglio:ripigliare,3
missing_candidate,risposarsi:risposare si,3
missing_candidate,ritratti:ritrattare,3
missing_candidate,ruzi:ruzare,3
missing_candidate,sappia:sappia,3
missing_candidate,sarà:essere,3
missing_candidate,scappata:scappare,3
missing_candidate,scese:scendere,3
missing_candidate,scherza:scherzare,3
missing_candidate,sedettero:sedettero,3
missing_candidate,servi:servare,3
missing_candidate,siti:sito,3
missing_candidate,somigliate:somigliare,3
missing_candidate,spartia:spartiare,3
missing_candidate,sposarono:sposare,3
missing_candidate,stai:stare,3
missing_candidate,strascicata:strascicare,3
missing_candidate,stà:stàre,3
missing_candidate,tantu:tantu,3
missing_candidate,tirarla:tirare la,3
missing_candidate,toca:tocare,3
missing_candidate,torni:tornare,3
missing_candidate,troverai:troverai,3
missing_candidate,trovo:trovare,3
missing_candidate,tute:tutere,3
missing_candidate,vastu:vasru,3
missing_candidate,vattene:vattene,3
missing_candidate,vedeva:vedere,3
missing_candidate,vegnarave:vegnaravere,3
missing_candidate,vegnua:vegnuare,3
missing_candidate,vemo:vemo,3
missing_candidate,vennero:venire,3
missing_candidate,verranno:verre,3
missing_candidate,viaggiu:viaggiue,3
missing_candidate,vien:vien,3
missing_candidate,viene:venire,3
missing_candidate,vinia:inniare,3
missing_candidate,vorrei:volere,3
missing_candidate,Andate:andate,2
missing_candidate,Aperse:aperse,2
missing_candidate,Catarina:catarina,2
missing_candidate,Chiama:chiamare,2
missing_candidate,Comu:comu,2
missing_candidate,Fate:fate,2
missing_candidate,Luna.</sp>-:luna.</sp>-,2
missing_candidate,Partì:partì,2
missing_candidate,Pigghia:pigghia,2
missing_candidate,Scrisse:scrisse,2
missing_candidate,Scrivi:scrivire,2
missing_candidate,Va:va,2
missing_candidate,Venne:venne,2
missing_candidate,Vossignoria:vossignoria,2
missing_candidate,abbrazza:abbrazzare,2
missing_candidate,accihiana:accihiana,2
missing_candidate,accogliere:accogliere,2
missing_candidate,affacciato:affacciare,2
missing_candidate,ammancava:ammancare,2
missing_candidate,andarci:andare ci,2
missing_candidate,andati:andare,2
missing_candidate,appressu:appressu,2
missing_candidate,ar-:ar-,2
missing_candidate,arrispanni:arrispannare,2
missing_candidate,arrispusi:arrispusi,2
missing_candidate,arriva:arrivare,2
missing_candidate,attrivita:attrivire,2
missing_candidate,avessero:avere,2
missing_candidate,avevano:avere,2
missing_candidate,avrà:avere,2
missing_candidate,bachetina:bachetinare,2
missing_candidate,baciare:baciare,2
missing_candidate,buta:buta,2
missing_candidate,buta:ibut,2
missing_candidate,cantarana:cantaranare,2
missing_candidate,capita:capitare,2
missing_candidate,chi:chi,2
missing_candidate,chiamasse:chiamasse,2
missing_candidate,chiddu:chiddu,2
missing_candidate,cina:cinare,2
missing_candidate,citrulla:citrullare,2
missing_candidate,comanda:comandare,2
missing_candidate,comprò:comprare,2
missing_candidate,confonde:confondere,2
missing_candidate,cuminzò:cuminzare,2
missing_candidate,cunli:cunli,2
missing_candidate,cunsiddirati:cunsiddirati,2
missing_candidate,curarla:curarla,2
missing_candidate,darme:darme,2
missing_candidate,darréri:darrérare,2
missing_candidate,dasti:dasti,2
missing_candidate,dava:dare,2
missing_candidate,desiderar:desiderar,2
missing_candidate,desparà:despare,2
missing_candidate,dici:dicare,2
missing_candidate,dicu:dicu,2
missing_candidate,diga:diga,2
missing_candidate,digli:diglio,2
missing_candidate,dirai:dirai,2
missing_candidate,divertitevi:divertiteve,2
missing_candidate,dulura:dulura,2
missing_candidate,equivale:equivalere,2
missing_candidate,eri:eri,2
missing_candidate,essar:essar,2
missing_candidate,facendo:fare,2
missing_candidate,facevano:fare,2
missing_candidate,falla:falla,2
missing_candidate,farla:fare lo,2
missing_candidate,fecero:fare,2
missing_candidate,ferma:fermare,2
missing_candidate,fermeranno:fermere,2
missing_candidate,fosse:essere,2
missing_candidate,galleggiava:galleggiare,2
missing_candidate,gavessi:gavere,2
missing_candidate,ghe:ga,2
missing_candidate,giazasse:giazare,2
missing_candidate,gioj:giojre,2
missing_candidate,gliela:gliela,2
missing_candidate,hannu:annuvere,2
missing_candidate,inchinarla:inchinare la,2
missing_candidate,infide:infidere,2
missing_candidate,innamorò:innamorare,2
missing_candidate,invitati:invitare,2
missing_candidate,java:jare,2
missing_candidate,lasciar:lasciare,2
missing_candidate,lasciarvi:lasciare vi,2
missing_candidate,leva:levare,2
missing_candidate,livata:livare,2
missing_candidate,manca:mancare,2
missing_candidate,mancava:mancare,2
missing_candidate,mando:mandere,2
missing_candidate,metarà:metare,2
missing_candidate,mete:metere,2
missing_candidate,metterla:metterla,2
missing_candidate,mettiamo:mettare,2
missing_candidate,misi:miso,2
missing_candidate,murare:murare,2
missing_candidate,nascose:nascosere,2
missing_candidate,nominata:nominare,2
missing_candidate,ntra:ntrare,2
missing_candidate,nurrizza:nurrizza,2
missing_candidate,ordinò:ordinare,2
missing_candidate,panadela:panadela,2
missing_candidate,passa:passare,2
missing_candidate,perderanno:perdere,2
missing_candidate,perle:pere le,2
missing_candidate,pettinò:pettinare,2
missing_candidate,piace:piacere,2
missing_candidate,pigghia:pigghiare,2
missing_candidate,pigliarlo:pigliare lo,2
missing_candidate,pinseri:pinsero,2
missing_candidate,pittinata:pittinare,2
missing_candidate,po-:po-,2
missing_candidate,portò:portare,2
missing_candidate,prendete:prendere,2
missing_candidate,putissi:putissare,2
missing_candidate,raccoglierli:raccogliere li,2
missing_candidate,rancurasse:rancurasse,2
missing_candidate,regina:regino,2
missing_candidate,restare:restare,2
missing_candidate,restò:restare,2
missing_candidate,rialzando:rialzare,2
missing_candidate,rimettiti:rimettire,2
missing_candidate,saccheggiate:saccheggiare,2
missing_candidate,saltar:saltar,2
missing_candidate,sapendo:sapere,2
missing_candidate,sapiti:sapire,2
missing_candidate,saputo:sapere,2
missing_candidate,scambiata:scambiare,2
missing_candidate,scano:scano,2
missing_candidate,scomoda:scomodare,2
missing_candidate,scriva:scrire,2
missing_candidate,scugier:scugierre,2
missing_candidate,sedere:sedere,2
missing_candidate,sennò:sennòe,2
missing_candidate,servi:sere vi,2
missing_candidate,setti:setto,2
missing_candidate,so':so',2
missing_candidate,son:son,2
missing_candidate,spogli:spogli,2
missing_candidate,staju:staju,2
missing_candidate,star:star,2
missing_candidate,stiede:stiedere,2
missing_candidate,stra-:stra-,2
missing_candidate,tempu:tempu,2
missing_candidate,tici:ticare,2
missing_candidate,tolesse:tolere,2
missing_candidate,tolse:togliere,2
missing_candidate,tornu:tornu,2
missing_candidate,tradite:tradito,2
missing_candidate,trovasse:trovare,2
missing_candidate,tuta:tere,2
missing_candidate,tuto:tuto,2
missing_candidate,usa:usare,2
missing_candidate,vago:vago,2
missing_candidate,vanchi:vanco,2
missing_candidate,vardar:vardar,2
missing_candidate,vardasse:vardasse,2
missing_candidate,vediamo:vedere,2
missing_candidate,vedova:vedovare,2
missing_candidate,vedova:vedovo,2
missing_candidate,vedovo:vedovo,2
missing_candidate,vegnàrà:vegnàràre,2
missing_candidate,vengo:vengare,2
missing_candidate,veniva:venire,2
missing_candidate,venuta:venire,2
missing_candidate,vesta:vesta,2
missing_candidate,veste:vestire,2
missing_candidate,videro:videro,2
missing_candidate,vitti:vitti,2
missing_candidate,vogghiu:vogghiu,2
missing_candidate,vol:vol,2
missing_candidate,volle:volle,2
missing_candidate,vorrebbe:volere,2
missing_candidate,-senare:-senare,1
missing_candidate,.tutta:.tutta,1
missing_candidate,Al-:al-,1
missing_candidate,Andiamo:andiamo,1
missing_candidate,CATARINA·LA:catarina·la,1
missing_candidate,Chiama:chiama,1
missing_candidate,Chiamò:chiamare,1
missing_candidate,Dio.</sp:dio.</sp,1
missing_candidate,Fa</sp>-:fa</sp>-,1
missing_candidate,Fece:fece,1
missing_candidate,Finito:finito,1
missing_candidate,Giera:giera,1
missing_candidate,Pensate:pensate,1
missing_candidate,Raccontata:raccontata,1
missing_candidate,Spir-:spir-,1
missing_candidate,Tornano:tornano,1
missing_candidate,Tornarono:tornarono,1
missing_candidate,Vattene:vattene,1
missing_candidate,Veniva:veniva,1
missing_candidate,a-:a-,1
missing_candidate,a</sp:a</sp,1
missing_candidate,abiti:abire,1
missing_candidate,abiti:abito,1
missing_candidate,accattatu:accattature,1
missing_candidate,accompagnava:accompagnare,1
missing_candidate,affidarono:affidare,1
missing_candidate,aiutare:aiutare,1
missing_candidate,allontanarsi:allontanare si,1
missing_candidate,alzane:alzane,1
missing_candidate,alzò:alzò,1
missing_candidate,amò:amare,1
missing_candidate,andarsene:andare si ne,1
missing_candidate,andate:andare,1
missing_candidate,andranno:andranno,1
missing_candidate,apparirà:apparire,1
missing_candidate,appresso:appresso,1
missing_candidate,approvò:approvare,1
missing_candidate,architravati:architravare,1
missing_candidate,arla:are la,1
missing_candidate,arrivando:arrivare,1
missing_candidate,arrivati:arrivare,1
missing_candidate,aspetta:aspettare,1
missing_candidate,aspittava:aspittare,1
missing_candidate,assimigg:assimigg,1
missing_candidate,atenta:atenta,1
missing_candidate,augurare:augurare,1
missing_candidate,avea:avea,1
missing_candidate,avere:avere,1
missing_candidate,avia:aviare,1
missing_candidate,avrai:avrai,1
missing_candidate,bada:bada,1
missing_candidate,badava:badare,1
missing_candidate,ballerà:ballere,1
missing_candidate,basta:bastare,1
missing_candidate,bello:bello,1
missing_candidate,bisogna:bisogna,1
missing_candidate,bitu:bitu,1
missing_candidate,burla:burla,1
missing_candidate,cafudda:cafuddere,1
missing_candidate,cafuddava:cafuddare,1
missing_candidate,calate:calare,1
missing_candidate,calo:calo,1
missing_candidate,cambiata:cambiare,1
missing_candidate,cambiò:cambiare,1
missing_candidate,cameriere:cameriere,1
missing_candidate,capiddi:capiddi,1
missing_candidate,capitava:capitare,1
missing_candidate,capitò:capitare,1
missing_candidate,causa:causare,1
missing_candidate,cava:cavare,1
missing_candidate,cavava:cavare,1
missing_candidate,cazzà:cazzàre,1
missing_candidate,cciava:cciare,1
missing_candidate,cero:cero,1
missing_candidate,chiamata:chiamare,1
missing_candidate,chiamava:chiamare,1
missing_candidate,chiameremo:chiamare,1
missing_candidate,china:chinare,1
missing_candidate,chinija:chinijare,1
missing_candidate,chinj:chinj,1
missing_candidate,ci-:ci-,1
missing_candidate,cialmente:cialmere,1
missing_candidate,colle:colle,1
missing_candidate,cominciarono:cominciare,1
missing_candidate,comparisce:comparire,1
missing_candidate,compra:comprare,1
missing_candidate,comprare:comprare,1
missing_candidate,comprato:comprare,1
missing_candidate,conobbe:conoscere,1
missing_candidate,contata:contare,1
missing_candidate,corrono:correre,1
missing_candidate,corsero:corsero,1
missing_candidate,costumava:costumare,1
missing_candidate,così:così,1
missing_candidate,credo:credere,1
missing_candidate,criju:crie ju,1
missing_candidate,cu-:cu-,1
missing_candidate,cunvertu:cunvertu,1
missing_candidate,càrrica:càrricare,1
missing_candidate,dappressu:dappressure,1
missing_candidate,darò:darò,1
missing_candidate,denti:dentare,1
missing_candidate,desparà:despniae,1
missing_candidate,dia:dare,1
missing_candidate,dicea:diceare,1
missing_candidate,dichiararsi:dichiarare si,1
missing_candidate,dimenticato:dimenticare,1
missing_candidate,dirigere:dirigere,1
missing_candidate,dirle:dire le,1
missing_candidate,disevi:disevare,1
missing_candidate,disperava:disperare,1
missing_candidate,diventa:diventare,1
missing_candidate,diventare:diventare,1
missing_candidate,divertirsi:divertire si,1
missing_candidate,donde:dondere,1
missing_candidate,dormire:dormire,1
missing_candidate,dovete:dovere,1
missing_candidate,dovettero:dovettero,1
missing_candidate,ego:ego,1
missing_candidate,entri:entrare,1
missing_candidate,eva:ere,1
missing_candidate,facia:facia,1
missing_candidate,farle:fare lo,1
missing_candidate,fatta:fare,1
missing_candidate,fila:filare,1
missing_candidate,filava:filare,1
missing_candidate,fio:fio,1
missing_candidate,fiutare:fiutare,1
missing_candidate,fornia:fornia,1
missing_candidate,forte:fortere,1
missing_candidate,fu:essere,1
missing_candidate,gabia:gabiare,1
missing_candidate,garbava:garbare,1
missing_candidate,gavè:gavè,1
missing_candidate,gnente:gnere,1
missing_candidate,gono:gono,1
missing_candidate,grando:grare,1
missing_candidate,grano:grare,1
missing_candidate,guai:guaio,1
missing_candidate,guancia:guanciare,1
missing_candidate,guange:guangere,1
missing_candidate,guarda:guardare,1
missing_candidate,guardarla:guardare la,1
missing_candidate,guarisce:guarire,1
missing_candidate,guarnii:guarnii,1
missing_candidate,hiu:hiu,1
missing_candidate,iarò:iarare,1
missing_candidate,iddu:iddu,1
missing_candidate,iddu:iddue,1
missing_candidate,iddu:iddure,1
missing_candidate,iju:iju,1
missing_candidate,imbrogli:imbroe lo,1
missing_candidate,impietosisce:impietosire,1
missing_candidate,incontra:incontrare,1
missing_candidate,installò:installò,1
missing_candidate,invitato:invitare,1
missing_candidate,invitava:invitare,1
missing_candidate,ionà:ionà,1
missing_candidate,isita:isire,1
missing_candidate,istesse:istesse,1
missing_candidate,java:java,1
missing_candidate,javanu:javanure,1
missing_candidate,junciu:junciu,1
missing_candidate,lascerò:lascerò,1
missing_candidate,lavoravano:lavorare,1
missing_candidate,lecata:lecare,1
missing_candidate,leggere:leggere,1
missing_candidate,lusa:lusare,1
missing_candidate,luse:luse,1
missing_candidate,macina:macina,1
missing_candidate,mangia:mangiare,1
missing_candidate,mangiare:mangiare,1
missing_candidate,manu:manu,1
missing_candidate,maritatù:maritatù,1
missing_candidate,mastrì:mastrì,1
missing_candidate,matta:matta,1
missing_candidate,megghiu:megghiu,1
missing_candidate,metti:mettare,1
missing_candidate,mettiamo:mettere,1
missing_candidate,morì:morire,1
missing_candidate,mugglieri:mugglierare,1
missing_candidate,nchiummata:nchiummare,1
missing_candidate,nec:nec,1
missing_candidate,nni:nni,1
missing_candidate,nnumani:nnumano,1
missing_candidate,novi:novo,1
missing_candidate,nsignava:nsignare,1
missing_candidate,o.:o.,1
missing_candidate,ola:ola,1
missing_candidate,ono:ono,1
missing_candidate,orbai:orbai,1
missing_candidate,partìnu:partìnu,1
missing_candidate,passava:passare,1
missing_candidate,passò:passare,1
missing_candidate,pensa:pensare,1
missing_candidate,pentirsi:pentire si,1
missing_candidate,perdere:perdere,1
missing_candidate,perderne:perdere ne,1
missing_candidate,pettina:pettinare,1
missing_candidate,pettinare:pettinare,1
missing_candidate,pettinava:pettinare,1
missing_candidate,pia:piare,1
missing_candidate,piace?</sp:piace?</sp,1
missing_candidate,piaci:piacare,1
missing_candidate,piantò:piantare,1
missing_candidate,picchia:picchia,1
missing_candidate,picchia:picchiare,1
missing_candidate,picchiava:picchiare,1
missing_candidate,pompeggiarla:pompeggiare la,1
missing_candidate,portasse:portasso,1
missing_candidate,portino:portare,1
missing_candidate,potevan:potevan,1
missing_candidate,ppena:ppenare,1
missing_candidate,prende:prendere,1
missing_candidate,prendere:prendere,1
missing_candidate,prenderebbe:prendere,1
missing_candidate,prendiamo:prendere,1
missing_candidate,principissa:principissare,1
missing_candidate,proclamò:proclamare,1
missing_candidate,provviste:provvista,1
missing_candidate,provò:provare,1
missing_candidate,pròmettevano:pròmettevare,1
missing_candidate,punta:puntare,1
missing_candidate,purtava:purtare,1
missing_candidate,quannu:quannu,1
missing_candidate,racconta:raccontare,1
missing_candidate,rada:rada,1
missing_candidate,radessero:radessero,1
missing_candidate,reduce:reducere,1
missing_candidate,restava:restare,1
missing_candidate,ricompensò:ricompensare,1
missing_candidate,riconobbe:ricono,1
missing_candidate,riconoscerà:riconoscere,1
missing_candidate,ricordato:ricordare,1
missing_candidate,riempirsi:riempire si,1
missing_candidate,riempì:riempì,1
missing_candidate,rimase:rimanere,1
missing_candidate,rimise:rimettere,1
missing_candidate,rinviene:rinvenere,1
missing_candidate,risolve:risolve,1
missing_candidate,rivolse:rivolgere,1
missing_candidate,rtu:rtu,1
missing_candidate,salvarci:salvare ci,1
missing_candidate,saper:saper,1
missing_candidate,sapere:sapere,1
missing_candidate,sapessi:sapessare,1
missing_candidate,sappi:sappare,1
missing_candidate,sarai:saere,1
missing_candidate,sarebbe:essere,1
missing_candidate,saver:saver,1
missing_candidate,scavare:scavare,1
missing_candidate,scelse:scegliere,1
missing_candidate,scopriranno:scoprari,1
missing_candidate,scrisse:scrivere,1
missing_candidate,seguita:seguita,1
missing_candidate,seguite:seguire,1
missing_candidate,sempr:sempr,1
missing_candidate,semu:semu,1
missing_candidate,sena:senare,1
missing_candidate,serve:servire,1
missing_candidate,sfoggiando:sfoggiare,1
missing_candidate,sibava:sibare,1
missing_candidate,sina:sina,1
missing_candidate,siru:siru,1
missing_candidate,sita:sire,1
missing_candidate,smurare:smurare,1
missing_candidate,"sp>""</sp:sp>""</sp",1
missing_candidate,spijo:spijo,1
missing_candidate,spiritusa:spiritusare,1
missing_candidate,spocchiarla:spocchiare la,1
missing_candidate,spogliare:spogliare,1
missing_candidate,spogliata:spogliare,1
missing_candidate,sposa:sposare,1
missing_candidate,sse:re,1
missing_candidate,stando:stare,1
missing_candidate,starò:starare,1
missing_candidate,stau:staure,1
missing_candidate,stava:stare,1
missing_candidate,stavano:stare,1
missing_candidate,stavo:stare,1
missing_candidate,stra-:stra-o,1
missing_candidate,succedeva:succedere,1
missing_candidate,svestire:svestire,1
missing_candidate,tate:tare,1
missing_candidate,tempu:teme pu,1
missing_candidate,tenere:tenere,1
missing_candidate,teneva:tenere,1
missing_candidate,tiragli:tiragli,1
missing_candidate,tirò:tirò,1
missing_candidate,togliere:togliere,1
missing_candidate,togliersi:togliere si,1
missing_candidate,tornato:tornare,1
missing_candidate,tornava:tornare,1
missing_candidate,trovare:trovare,1
missing_candidate,trovarlo:trovare lo,1
missing_candidate,trovò:trovare,1
missing_candidate,tuttu:tuttu,1
missing_candidate,uscite:uscire,1
missing_candidate,usciti:uscire,1
missing_candidate,uscito:uscire,1
missing_candidate,usina:usinare,1
missing_candidate,uzzu:uzzu,1
missing_candidate,vagnuda:vagnuda,1
missing_candidate,vaju:vaju,1
missing_candidate,vano:vare,1
missing_candidate,vardava:vardare,1
missing_candidate,vecchina:vecchinare,1
missing_candidate,vecia:veciare,1
missing_candidate,vedendo:vedere,1
missing_candidate,vedono:vedere,1
missing_candidate,vedremo:vedere,1
missing_candidate,vegna':vegnao,1
missing_candidate,vegniva:vegnire,1
missing_candidate,vengono:venire,1
missing_candidate,venivano:venire,1
missing_candidate,verga:vergere,1
missing_candidate,vesti:vesta,1
missing_candidate,vesti:vestare,1
missing_candidate,vestia:vestiare,1
missing_candidate,vestita:vestire,1
missing_candidate,vestita:vestito,1
missing_candidate,volesse:volere,1
missing_candidate,voleu:voleu,1
missing_candidate,volse:volgere,1
missing_candidate,volta:volgere,1
missing_candidate,voltarono:voltarere,1
missing_candidate,voltiamo:voltire,1
missing_candidate,vosiru:vosiru,1
missing_candidate,vuta:vuto,1
missing_candidate,zili:zile,1
